userid,amount,code,section,status
ben.ng.2009,11,IS100,S1,Pending
calvin.ng.2009,12,IS100,S1,Pending
dawn.ng.2009,13,IS100,S1,Pending
eddy.ng.2009,14,IS100,S1,Pending
fred.ng.2009,15,IS100,S1,Pending
gary.ng.2009,16,IS100,S1,Pending
harry.ng.2009,17,IS100,S1,Pending
ian.ng.2009,18,IS100,S1,Pending
larry.ng.2009,19,IS100,S1,Pending
maggie.ng.2009,20,IS100,S1,Pending
neilson.ng.2009,21,IS100,S1,Pending
olivia.ng.2009,22,IS100,S1,Pending
parker.ng.2009,24,IS100,S1,Pending
quiten.ng.2009,24,IS100,S1,Pending
ricky.ng.2009,24,IS100,S1,Pending
steven.ng.2009,26,IS100,S1,Pending
timothy.ng.2009,27,IS100,S1,Pending
ursala.ng.2009,28,IS100,S1,Pending
valarie.ng.2009,29,IS100,S1,Pending
winston.ng.2009,30,IS100,S1,Pending
xavier.ng.2009,31,IS100,S1,Pending
yasir.ng.2009,32,IS100,S1,Pending
zac.ng.2009,33,IS100,S1,Pending
